 date , periode , rgdp , rgdp_g , ngdp , ngdp_g , fp_pb , fp_mb , fp_ib , fp_em , cp_whd , cp_dbt , cp_ibt , cp_ebt , dcvd1 , dcvd2 , k_cs , l , k_gfcf , p , cc , m1 , m1_g , m2 , m2_g , em , dc , cc , em_g , dc_g , cc_g , inf , birate , excrate , excrate_g 
 2012M10 , 1.00 , 100.29 ,, 127.16 ,," 453,406.52 "," 89,679,747.61 "," 514,408,870.58 "," 155,310.26 "," 120,799,477.00 "," 9,592,640.00 "," 111,078,009.00 "," 23,303,410.00 ",,,,,, 126.80 ," 16,848 ",,,,,,,,,,,,,,
 2012M11 , 2.00 , 100.29 ,0.001%, 127.17 ,0.001%," 325,777.98 "," 35,009,035.50 "," 937,186,492.94 "," 243,795.82 "," 119,983,226.00 "," 9,852,216.00 "," 112,201,256.00 "," 24,593,893.00 ",,,,,, 126.80 ," 16,359 ",,,,,,,,,,,,,,
 2012M12 , 3.00 , 100.29 ,-0.001%, 127.87 ,0.552%," 320,861.96 "," 35,003,293.50 "," 863,057,572.00 "," 246,115.78 "," 129,190,598.00 "," 10,611,644.00 "," 114,674,968.00 "," 33,362,969.00 ",,,,,, 127.50 ," 18,205 ",,,,,,,,,,,,,,
 2013M01 , 4.00 , 100.29 ,-0.003%, 137.27 ,7.354%," 467,719.98 "," 38,042,282.75 "," 1,240,383,468.08 "," 168,394.10 "," 126,794,540.00 "," 10,502,461.00 "," 121,065,731.00 "," 32,938,852.00 ", -   , -   ," 12,513,990.00 "," 112,504,868.00 "," 729,194,315,483,518.00 ", 136.88 ,"17,584"," 1,679,087.36 ",," 3,268,789.15 ",," 168,394.10 "," 10,502,461.00 "," 17,584.01 ",,,, 4.57 , 5.75 ,,
 2013M02 , 5.00 , 100.28 ,-0.005%, 138.30 ,0.747%," 351,946.83 "," 34,513,142.94 "," 1,400,413,010.00 "," 165,335.13 "," 118,641,057.00 "," 9,273,600.00 "," 110,371,660.00 "," 31,997,673.00 ", -   , -   ," 12,513,990.00 "," 115,929,612.00 "," 729,194,315,483,518.00 ", 137.91 ,"15,558"," 1,668,121.27 ",-0.653%," 3,280,420.25 ",0.356%," 165,335.13 "," 9,273,600.00 "," 15,558.10 ",-1.817%,-11.701%,-11.521%, 5.31 , 5.75 ,,
 2013M03 , 6.00 , 100.27 ,-0.008%, 139.16 ,0.622%," 381,211.34 "," 35,166,862.97 "," 636,722,660.51 "," 252,790.65 "," 134,792,089.00 "," 11,254,805.00 "," 124,491,924.00 "," 34,216,954.00 ", -   , -   ," 12,513,990.00 "," 115,929,612.00 "," 729,194,315,483,518.00 ", 138.78 ,"17,212"," 1,682,729.86 ",0.876%," 3,322,528.96 ",1.284%," 252,790.65 "," 11,254,805.00 "," 17,212.35 ",52.896%,21.364%,10.633%, 5.90 , 5.75 ,,
 2013M04 , 7.00 , 100.26 ,-0.011%, 139.00 ,-0.111%," 466,694.28 "," 39,476,495.65 "," 1,157,267,529.40 "," 219,756.59 "," 134,650,132.00 "," 11,678,682.00 "," 122,227,670.00 "," 37,573,508.00 ", -   , -   ," 12,513,990.00 "," 115,929,612.00 "," 755,712,692,907,990.00 ", 138.64 ,"18,022"," 1,716,144.93 ",1.986%," 3,360,928.07 ",1.156%," 219,756.59 "," 11,678,682.00 "," 18,021.52 ",-13.068%,3.766%,4.701%, 5.57 , 5.75 ,,
 2013M05 , 8.00 , 100.25 ,-0.012%, 138.95 ,-0.041%," 365,999.49 "," 40,685,709.30 "," 717,866,269.67 "," 214,514.69 "," 138,919,334.00 "," 12,280,588.00 "," 125,142,703.00 "," 37,965,643.00 ", -   , -   ," 12,513,990.00 "," 115,929,612.00 "," 755,712,692,907,990.00 ", 138.60 ,"18,274"," 1,708,192.13 ",-0.463%," 3,426,304.92 ",1.945%," 214,514.69 "," 12,280,588.00 "," 18,273.82 ",-2.385%,5.154%,1.400%, 5.47 , 5.75 ," 9,786.10 ",
 2013M06 , 9.00 , 100.24 ,-0.012%, 140.36 ,1.020%," 349,703.37 "," 40,760,208.52 "," 724,129,405.73 "," 250,006.19 "," 140,566,320.00 "," 12,916,043.00 "," 123,255,860.00 "," 37,205,222.00 ", -   , -   ," 12,513,990.00 "," 115,929,612.00 "," 755,712,692,907,990.00 ", 140.03 ,"17,832"," 1,747,058.56 ",2.275%," 3,413,378.66 ",-0.377%," 250,006.19 "," 12,916,043.00 "," 17,832.50 ",16.545%,5.174%,-2.415%, 5.57 , 6.00 ," 9,881.53 ",0.975%
 2013M07 , 10.00 , 100.22 ,-0.012%, 144.95 ,3.272%," 378,395.26 "," 44,589,100.56 "," 1,437,200,478.63 "," 387,170.66 "," 161,289,353.00 "," 14,374,098.00 "," 140,950,588.00 "," 44,209,865.00 ", -   , -   ," 12,513,990.00 "," 115,929,612.00 "," 777,428,287,251,468.00 ", 144.63 ,"20,618"," 1,795,198.66 ",2.755%," 3,506,573.60 ",2.730%," 387,170.66 "," 14,374,098.00 "," 20,618.32 ",54.864%,11.289%,15.622%, 5.90 , 6.50 ," 10,073.39 ",1.942%
 2013M08 , 11.00 , 100.21 ,-0.013%, 146.56 ,1.107%," 280,069.28 "," 34,320,376.92 "," 715,487,730.20 "," 279,902.39 "," 140,215,760.00 "," 12,014,847.00 "," 115,900,350.00 "," 37,711,442.00 ", -   , -   ," 12,513,990.00 "," 112,761,072.00 "," 777,428,287,251,468.00 ", 146.25 ,"17,842"," 1,769,644.95 ",-1.423%," 3,502,419.80 ",-0.118%," 279,902.39 "," 12,014,847.00 "," 17,841.95 ",-27.706%,-16.413%,-13.466%, 8.61 , 7.00 ," 10,589.12 ",5.120%
 2013M09 , 12.00 , 100.20 ,-0.015%, 146.03 ,-0.364%," 321,857.52 "," 42,283,802.03 "," 812,910,473.38 "," 231,601.68 "," 137,680,085.00 "," 11,888,101.00 "," 126,042,243.00 "," 40,087,370.00 ", -   , -   ," 12,513,990.00 "," 112,761,072.00 "," 777,428,287,251,468.00 ", 145.74 ,"17,552"," 1,792,827.44 ",1.310%," 3,584,080.54 ",2.332%," 231,601.68 "," 11,888,101.00 "," 17,551.80 ",-17.256%,-1.055%,-1.626%, 8.79 , 7.25 ," 11,346.24 ",7.150%
 2013M10 , 13.00 , 100.18 ,-0.017%, 146.13 ,0.072%," 292,708.06 "," 43,488,246.76 "," 910,181,214.98 "," 245,149.50 "," 147,500,972.00 "," 12,921,637.00 "," 129,154,247.00 "," 44,105,509.00 ", -   , -   ," 12,513,990.00 "," 112,761,072.00 "," 789,160,856,057,024.00 ", 145.87 ,"19,100"," 1,780,661.94 ",-0.679%," 3,576,869.70 ",-0.201%," 245,149.50 "," 12,921,637.00 "," 19,100.42 ",5.850%,8.694%,8.823%, 8.40 , 7.25 ," 11,366.90 ",0.182%
 2013M11 , 14.00 , 100.16 ,-0.020%, 146.27 ,0.097%," 344,755.93 "," 44,877,790.31 "," 1,104,330,715.30 "," 244,577.31 "," 137,960,168.00 "," 13,118,891.00 "," 128,828,548.00 "," 42,308,464.00 ", -   , -   ," 12,513,990.00 "," 112,761,072.00 "," 789,160,856,057,024.00 ", 146.04 ,"18,535"," 1,806,527.86 ",1.453%," 3,616,049.20 ",1.095%," 244,577.31 "," 13,118,891.00 "," 18,535.31 ",-0.233%,1.527%,-2.959%, 8.32 , 7.50 ," 11,613.10 ",2.166%
 2013M12 , 15.00 , 100.14 ,-0.022%, 147.04 ,0.526%," 304,754.03 "," 48,075,682.87 "," 1,236,937,427.91 "," 248,233.24 "," 155,200,566.00 "," 14,889,155.00 "," 139,936,598.00 "," 48,358,531.00 ", -   , -   ," 12,513,990.00 "," 112,761,072.00 "," 789,160,856,057,024.00 ", 146.84 ,"20,897"," 1,888,584.09 ",4.542%," 3,730,409.35 ",3.163%," 248,233.24 "," 14,889,155.00 "," 20,896.86 ",1.495%,13.494%,12.741%, 8.37 , 7.50 ," 12,087.10 ",4.082%
 2014M01 , 16.00 , 100.11 ,-0.023%, 111.12 ,-24.432%," 327,305.36 "," 48,205,916.01 "," 1,356,477,507.83 "," 239,691.49 "," 148,265,309.00 "," 13,506,551.00 "," 133,756,644.00 "," 46,291,390.00 ", -   , -   ," 13,284,452.00 "," 112,761,072.00 "," 830,747,671,696,727.00 ", 110.99 ,"19,299"," 1,814,112.49 ",-3.943%," 3,652,349.28 ",-2.093%," 239,691.49 "," 13,506,551.00 "," 19,298.97 ",-3.441%,-9.286%,-7.647%, 8.22 , 7.50 ," 12,179.65 ",0.766%
 2014M02 , 17.00 , 100.09 ,-0.024%, 111.38 ,0.238%," 484,795.32 "," 45,955,495.76 "," 765,810,318.51 "," 212,100.92 "," 137,559,721.00 "," 12,039,018.00 "," 125,229,218.00 "," 43,630,123.00 ", -   , -   ," 13,284,452.00 "," 118,169,922.00 "," 830,747,671,696,727.00 ", 111.28 ,"17,285"," 1,799,704.45 ",-0.794%," 3,635,060.38 ",-0.473%," 212,100.92 "," 12,039,018.00 "," 17,284.80 ",-11.511%,-10.865%,-10.437%, 7.75 , 7.50 ," 11,935.10 ",-2.008%
 2014M03 , 18.00 , 100.07 ,-0.023%, 111.45 ,0.058%," 562,722.37 "," 50,992,565.45 "," 799,328,109.07 "," 297,160.25 "," 158,799,327.00 "," 14,641,734.00 "," 137,730,751.00 "," 49,018,178.00 ", -   , -   ," 13,284,452.00 "," 118,169,922.00 "," 830,747,671,696,727.00 ", 111.37 ,"19,244"," 1,799,629.58 ",-0.004%," 3,652,530.55 ",0.481%," 297,160.25 "," 14,641,734.00 "," 19,244.33 ",40.103%,21.619%,11.337%, 7.32 , 7.50 ," 11,427.05 ",-4.257%
 2014M04 , 19.00 , 100.04 ,-0.023%, 111.40 ,-0.041%," 470,971.74 "," 50,564,402.51 "," 850,714,909.74 "," 231,800.42 "," 146,400,303.00 "," 13,707,964.00 "," 133,046,590.00 "," 49,881,575.00 ", -   , -   ," 13,284,452.00 "," 118,169,922.00 "," 848,816,388,884,420.00 ", 111.35 ,"20,340"," 1,837,859.13 ",2.124%," 3,721,882.38 ",1.899%," 231,800.42 "," 13,707,964.00 "," 20,340.01 ",-21.995%,-6.377%,5.694%, 7.25 , 7.50 ," 11,435.75 ",0.076%
 2014M05 , 20.00 , 100.02 ,-0.024%, 111.55 ,0.137%," 434,597.43 "," 54,026,875.96 "," 826,435,929.37 "," 270,600.76 "," 160,295,551.00 "," 15,553,059.00 "," 144,043,064.00 "," 53,482,723.00 ", -   , -   ," 13,284,452.00 "," 118,169,922.00 "," 848,816,388,884,420.00 ", 111.53 ,"20,807"," 1,883,483.24 ",2.482%," 3,780,955.28 ",1.587%," 270,600.76 "," 15,553,059.00 "," 20,807.25 ",16.739%,13.460%,2.297%, 7.32 , 7.50 ," 11,525.94 ",0.789%
 2014M06 , 21.00 , 99.99 ,-0.026%, 112.00 ,0.404%," 522,370.19 "," 56,148,744.99 "," 945,571,544.17 "," 331,491.97 "," 160,477,146.00 "," 15,454,752.00 "," 146,960,956.00 "," 55,566,540.00 ", -   , -   ," 13,284,452.00 "," 118,169,922.00 "," 848,816,388,884,420.00 ", 112.01 ,"21,339"," 1,936,150.16 ",2.796%," 3,857,961.77 ",2.037%," 331,491.97 "," 15,454,752.00 "," 21,339.30 ",22.502%,-0.632%,2.557%, 6.70 , 7.50 ," 11,892.62 ",3.181%
 2014M07 , 22.00 , 99.97 ,-0.027%, 113.01 ,0.901%," 387,963.29 "," 55,941,785.45 "," 868,664,249.16 "," 361,063.31 "," 184,986,726.00 "," 16,541,609.00 "," 149,144,929.00 "," 59,494,231.00 ", -   , -   ," 13,284,452.00 "," 118,169,922.00 "," 865,093,399,678,485.00 ", 113.05 ,"21,306"," 1,943,648.94 ",0.387%," 3,887,407.48 ",0.763%," 361,063.31 "," 16,541,609.00 "," 21,305.85 ",8.921%,7.033%,-0.157%, 4.53 , 7.50 ," 11,689.06 ",-1.712%
 2014M08 , 23.00 , 99.94 ,-0.028%, 113.51 ,0.441%," 449,982.66 "," 53,392,353.26 "," 873,435,890.71 "," 274,585.91 "," 156,751,527.00 "," 14,986,158.00 "," 136,911,795.00 "," 52,374,855.00 ", -   , -   ," 13,284,452.00 "," 114,628,026.00 "," 865,093,399,678,485.00 ", 113.58 ,"21,160"," 1,908,110.95 ",-1.828%," 3,886,519.97 ",-0.023%," 274,585.91 "," 14,986,158.00 "," 21,159.91 ",-23.951%,-9.403%,-0.685%, 3.99 , 7.50 ," 11,712.45 ",0.200%
 2014M09 , 24.00 , 99.91 ,-0.028%, 113.79 ,0.245%," 527,638.36 "," 58,630,216.88 "," 916,578,367.44 "," 305,574.26 "," 161,543,454.00 "," 15,290,472.00 "," 146,881,624.00 "," 55,510,628.00 ", -   , -   ," 13,284,452.00 "," 114,628,026.00 "," 865,093,399,678,485.00 ", 113.89 ,"21,520"," 1,971,640.23 ",3.329%," 4,010,146.66 ",3.181%," 305,574.26 "," 15,290,472.00 "," 21,519.95 ",11.285%,2.031%,1.701%, 4.53 , 7.50 ," 11,890.77 ",1.523%
 2014M10 , 25.00 , 99.88 ,-0.027%, 114.29 ,0.439%," 560,278.47 "," 60,037,833.69 "," 980,128,515.49 "," 239,473.45 "," 163,997,997.00 "," 15,290,885.00 "," 148,221,499.00 "," 57,036,454.00 ", -   , -   ," 13,284,452.00 "," 114,628,026.00 "," 892,266,283,140,367.00 ", 114.42 ,"22,107"," 1,960,006.27 ",-0.590%," 4,024,488.87 ",0.358%," 239,473.45 "," 15,290,885.00 "," 22,106.58 ",-21.632%,0.003%,2.726%, 4.83 , 7.50 ," 12,144.87 ",2.137%
 2014M11 , 26.00 , 99.86 ,-0.025%, 115.98 ,1.478%," 522,454.93 "," 60,901,591.88 "," 864,339,284.20 "," 274,630.28 "," 162,174,874.00 "," 15,706,952.00 "," 143,371,615.00 "," 54,644,768.00 ", -   , -   ," 13,284,452.00 "," 114,628,026.00 "," 892,266,283,140,367.00 ", 116.14 ,"20,867"," 1,990,825.82 ",1.572%," 4,076,669.88 ",1.297%," 274,630.28 "," 15,706,952.00 "," 20,867.36 ",14.681%,2.721%,-5.606%, 6.23 , 7.75 ," 12,158.30 ",0.111%
 2014M12 , 27.00 , 99.84 ,-0.022%, 118.81 ,2.440%," 498,374.05 "," 68,715,651.53 "," 1,026,661,197.81 "," 281,383.02 "," 179,528,756.00 "," 17,921,748.00 "," 159,870,971.00 "," 61,550,726.00 ", -   , -   ," 13,284,452.00 "," 114,628,026.00 "," 892,266,283,140,367.00 ", 119.00 ,"24,903"," 2,049,202.48 ",2.932%," 4,173,326.50 ",2.371%," 281,383.02 "," 17,921,748.00 "," 24,903.21 ",2.459%,14.101%,19.341%, 8.36 , 7.75 ," 12,438.29 ",2.303%
 2015M01 , 28.00 , 99.82 ,-0.020%, 118.49 ,-0.264%," 451,807.90 "," 61,656,528.85 "," 948,116,849.16 "," 253,373.31 "," 167,809,191.38 "," 16,026,341.57 "," 147,086,169.69 "," 56,762,431.46 ", -   , -   ," 14,091,129.00 "," 114,628,026.00 "," 917,218,354,045,101.00 ", 118.71 ,"20,974"," 1,974,011.98 ",-3.669%," 4,174,825.91 ",0.036%," 253,373.31 "," 16,026,341.57 "," 20,973.89 ",-9.954%,-10.576%,-15.778%, 6.96 , 7.75 ," 12,579.10 ",1.132%
 2015M02 , 29.00 , 99.80 ,-0.019%, 118.04 ,-0.381%," 468,261.86 "," 54,996,880.06 "," 824,294,149.98 "," 246,222.80 "," 154,560,427.38 "," 14,400,411.02 "," 133,431,161.85 "," 51,947,853.80 ", -   , -   ," 14,091,129.00 "," 120,846,821.00 "," 917,218,354,045,101.00 ", 118.28 ,"19,830"," 1,980,078.10 ",0.307%," 4,218,122.76 ",1.037%," 246,222.80 "," 14,400,411.02 "," 19,829.91 ",-2.822%,-10.145%,-5.454%, 6.29 , 7.50 ," 12,749.84 ",1.357%
 2015M03 , 30.00 , 99.78 ,-0.018%, 118.22 ,0.151%," 464,140.11 "," 64,584,803.16 "," 977,060,499.55 "," 339,241.04 "," 166,376,256.57 "," 16,716,759.64 "," 156,714,824.95 "," 59,193,958.37 ", -   , -   ," 14,091,129.00 "," 120,846,821.00 "," 917,218,354,045,101.00 ", 118.48 ,"23,376"," 1,997,120.36 ",0.861%," 4,246,361.19 ",0.669%," 339,241.04 "," 16,716,759.64 "," 23,376.34 ",37.778%,16.085%,17.884%, 6.38 , 7.50 ," 13,066.82 ",2.486%
 2015M04 , 31.00 , 99.77 ,-0.016%, 118.63 ,0.347%," 440,002.41 "," 63,871,066.83 "," 952,669,313.17 "," 294,805.40 "," 168,153,723.28 "," 16,820,136.54 "," 149,008,302.21 "," 57,588,918.50 ", -   , -   ," 14,091,129.00 "," 120,846,821.00 "," 937,823,934,485,817.00 ", 118.91 ,"22,352"," 2,003,216.09 ",0.305%," 4,275,711.11 ",0.691%," 294,805.40 "," 16,820,136.54 "," 22,351.58 ",-13.099%,0.618%,-4.384%, 6.79 , 7.50 ," 12,947.76 ",-0.911%
 2015M05 , 32.00 , 99.75 ,-0.013%, 119.20 ,0.483%," 434,611.59 "," 68,505,613.37 "," 900,545,992.72 "," 478,024.17 "," 175,202,563.94 "," 17,931,714.91 "," 151,350,831.80 "," 58,906,814.86 ", -   , -   ," 14,091,129.00 "," 120,846,821.00 "," 937,823,934,485,817.00 ", 119.50 ,"22,950"," 2,020,350.22 ",0.855%," 4,288,369.26 ",0.296%," 478,024.17 "," 17,931,714.91 "," 22,949.94 ",62.149%,6.609%,2.677%, 7.15 , 7.50 ," 13,140.53 ",1.489%
 2015M06 , 33.00 , 99.74 ,-0.010%, 119.83 ,0.525%," 462,786.66 "," 69,634,963.28 "," 1,000,066,827.42 "," 663,652.47 "," 177,000,513.22 "," 18,343,716.40 "," 157,816,919.41 "," 61,895,891.79 ", -   , -   ," 14,091,129.00 "," 120,846,821.00 "," 937,823,934,485,817.00 ", 120.14 ,"23,994"," 2,096,983.99 ",3.793%," 4,358,801.51 ",1.642%," 663,652.47 "," 18,343,716.40 "," 23,994.10 ",38.832%,2.298%,4.550%, 7.26 , 7.50 ," 13,313.24 ",1.314%
 2015M07 , 34.00 , 99.74 ,-0.006%, 120.94 ,0.926%," 437,694.01 "," 65,542,941.57 "," 953,786,675.76 "," 665,752.51 "," 199,379,432.20 "," 18,865,408.84 "," 151,117,888.10 "," 64,758,168.87 ", -   , -   ," 14,091,129.00 "," 120,846,821.00 "," 954,975,278,658,530.00 ", 121.26 ,"24,124"," 2,118,572.40 ",1.029%," 4,373,208.10 ",0.331%," 665,752.51 "," 18,865,408.84 "," 24,124.48 ",0.316%,2.844%,0.543%, 7.26 , 7.50 ," 13,374.79 ",0.462%
 2015M08 , 35.00 , 99.73 ,-0.003%, 121.40 ,0.384%," 465,021.57 "," 68,884,518.40 "," 939,989,563.08 "," 527,866.11 "," 175,314,491.11 "," 17,983,820.10 "," 156,218,225.14 "," 62,561,042.32 ", -   , -   ," 14,091,129.00 "," 114,819,199.00 "," 954,975,278,658,530.00 ", 121.73 ,"22,384"," 2,106,285.01 ",-0.580%," 4,404,085.03 ",0.706%," 527,866.11 "," 17,983,820.10 "," 22,383.96 ",-20.711%,-4.673%,-7.215%, 7.18 , 7.50 ," 13,781.75 ",3.043%
 2015M09 , 36.00 , 99.73 ,-0.001%, 121.34 ,-0.050%," 466,143.25 "," 69,207,765.02 "," 986,884,834.59 "," 471,545.14 "," 170,522,595.14 "," 16,905,772.75 "," 153,747,590.11 "," 62,743,718.77 ", -   , -   ," 14,091,129.00 "," 114,819,199.00 "," 954,975,278,658,530.00 ", 121.67 ,"22,253"," 2,163,218.91 ",2.703%," 4,508,603.17 ",2.373%," 471,545.14 "," 16,905,772.75 "," 22,253.17 ",-10.670%,-5.995%,-0.584%, 6.83 , 7.50 ," 14,396.10 ",4.458%
 2015M10 , 37.00 , 99.73 ,0.001%, 121.24 ,-0.081%," 378,279.23 "," 77,403,758.00 "," 999,468,753.22 "," 450,389.14 "," 176,033,578.84 "," 18,060,789.62 "," 159,917,986.04 "," 65,755,769.02 ", -   , -   ," 14,091,129.00 "," 114,819,199.00 "," 971,994,288,910,552.00 ", 121.57 ,"22,549"," 2,134,695.60 ",-1.319%," 4,443,078.08 ",-1.453%," 450,389.14 "," 18,060,789.62 "," 22,549.46 ",-4.487%,6.832%,1.331%, 6.25 , 7.50 ," 13,795.86 ",-4.169%
 2015M11 , 38.00 , 99.73 ,0.001%, 121.50 ,0.207%," 344,018.09 "," 76,227,918.43 "," 971,534,822.80 "," 461,043.79 "," 174,246,053.73 "," 17,917,502.83 "," 156,205,279.33 "," 64,389,178.66 ", -   , -   ," 14,091,129.00 "," 114,819,199.00 "," 971,994,288,910,552.00 ", 121.82 ,"22,427"," 2,171,545.63 ",1.726%," 4,452,324.65 ",0.208%," 461,043.79 "," 17,917,502.83 "," 22,426.74 ",2.366%,-0.793%,-0.544%, 4.89 , 7.50 ," 13,672.57 ",-0.894%
 2015M12 , 39.00 , 99.74 ,0.001%, 122.66 ,0.962%," 363,591.76 "," 81,402,515.16 "," 1,066,768,005.07 "," 431,101.77 "," 196,186,616.30 "," 20,414,026.23 "," 174,879,251.07 "," 72,624,415.44 ", -   , -   ," 14,091,129.00 "," 114,819,199.00 "," 971,994,288,910,552.00 ", 122.99 ,"25,928"," 2,264,459.44 ",4.279%," 4,548,800.27 ",2.167%," 431,101.77 "," 20,414,026.23 "," 25,928.40 ",-6.494%,13.933%,15.614%, 3.35 , 7.50 ," 13,854.60 ",1.331%
 2016M01 , 40.00 , 99.74 ,0.002%, 123.29 ,0.514%," 351,034.15 "," 80,018,336.12 "," 991,202,954.44 "," 387,404.15 "," 185,878,799.75 "," 19,018,446.63 "," 161,915,187.18 "," 63,449,999.69 ", -   , -   ," 14,928,555.00 "," 114,819,199.00 "," 991,436,744,476,647.00 ", 123.62 ,"22,282"," 2,202,473.46 ",-2.737%," 4,498,361.28 ",-1.109%," 387,404.15 "," 19,018,446.63 "," 22,281.52 ",-10.136%,-6.836%,-14.065%, 4.14 , 7.25 ," 13,889.05 ",0.249%
 2016M02 , 41.00 , 99.74 ,0.003%, 123.19 ,-0.086%," 393,907.21 "," 79,549,337.44 "," 1,014,334,440.34 "," 519,364.47 "," 175,608,926.76 "," 16,302,873.21 "," 156,551,192.18 "," 64,255,772.25 ", -   , -   ," 14,928,555.00 "," 120,647,697.00 "," 991,436,744,476,647.00 ", 123.51 ,"21,496"," 2,185,775.06 ",-0.758%," 4,521,951.20 ",0.524%," 519,364.47 "," 16,302,873.21 "," 21,495.65 ",34.063%,-14.279%,-3.527%, 4.42 , 7.00 ," 13,515.70 ",-2.688%
 2016M03 , 42.00 , 99.74 ,0.004%, 123.43 ,0.199%," 369,643.78 "," 88,356,545.36 "," 1,125,174,325.81 "," 492,166.07 "," 188,743,194.09 "," 18,807,459.41 "," 176,688,423.66 "," 71,437,434.27 ", -   , -   ," 14,928,555.00 "," 120,647,697.00 "," 991,436,744,476,647.00 ", 123.75 ,"24,084"," 2,214,527.18 ",1.315%," 4,561,872.52 ",0.883%," 492,166.07 "," 18,807,459.41 "," 24,083.76 ",-5.237%,15.363%,12.040%, 4.45 , 6.75 ," 13,193.14 ",-2.387%
 2016M04 , 43.00 , 99.75 ,0.006%, 122.88 ,-0.447%," 331,507.14 "," 88,787,417.83 "," 1,019,851,862.70 "," 515,231.51 "," 186,812,272.61 "," 19,171,510.79 "," 168,638,145.60 "," 70,581,943.00 ", -   , -   ," 14,928,555.00 "," 120,647,697.00 "," 1,004,570,329,989,690.00 ", 123.19 ,"21,498"," 2,245,787.84 ",1.412%," 4,581,877.87 ",0.439%," 515,231.51 "," 19,171,510.79 "," 21,498.40 ",4.687%,1.936%,-10.735%, 3.60 , 6.75 ," 13,179.86 ",-0.101%
 2016M05 , 44.00 , 99.76 ,0.006%, 123.18 ,0.242%," 400,341.01 "," 94,527,826.17 "," 1,139,358,857.95 "," 587,051.83 "," 196,669,569.89 "," 21,179,616.64 "," 178,509,678.35 "," 74,661,869.76 ", -   , -   ," 14,928,555.00 "," 120,647,697.00 "," 1,004,570,329,989,690.00 ", 123.48 ,"23,055"," 2,281,890.44 ",1.608%," 4,614,061.82 ",0.702%," 587,051.83 "," 21,179,616.64 "," 23,055.21 ",13.939%,10.474%,7.242%, 3.33 , 6.75 ," 13,419.65 ",1.819%
 2016M06 , 45.00 , 99.76 ,0.007%, 124.00 ,0.663%," 376,514.08 "," 104,874,343.66 "," 1,203,980,399.02 "," 673,151.41 "," 222,843,586.07 "," 25,357,189.42 "," 192,075,159.28 "," 81,895,479.37 ", -   , -   ," 14,928,555.00 "," 120,647,697.00 "," 1,004,570,329,989,690.00 ", 124.29 ,"23,298"," 2,415,710.82 ",5.864%," 4,737,451.23 ",2.674%," 673,151.41 "," 25,357,189.42 "," 23,298.06 ",14.666%,19.724%,1.053%, 3.45 , 6.50 ," 13,355.05 ",-0.481%
 2016M07 , 46.00 , 99.77 ,0.007%, 124.86 ,0.699%," 335,167.06 "," 84,775,087.90 "," 951,039,507.30 "," 561,862.09 "," 195,992,996.87 "," 21,850,715.89 "," 159,814,386.03 "," 70,348,837.40 ", -   , -   ," 14,928,555.00 "," 120,647,697.00 "," 1,013,247,596,106,870.00 ", 125.15 ,"20,981"," 2,362,508.93 ",-2.202%," 4,730,379.68 ",-0.149%," 561,862.09 "," 21,850,715.89 "," 20,981.06 ",-16.533%,-13.828%,-9.945%, 3.21 , 6.50 ," 13,115.50 ",-1.794%
 2016M08 , 47.00 , 99.78 ,0.007%, 124.85 ,-0.009%," 412,984.44 "," 104,602,796.03 "," 1,154,161,462.74 "," 616,484.45 "," 198,302,193.83 "," 22,396,435.99 "," 185,570,127.64 "," 78,475,623.92 ", -   , -   ," 14,928,555.00 "," 118,411,973.00 "," 1,013,247,596,106,870.00 ", 125.13 ,"23,056"," 2,367,640.16 ",0.217%," 4,746,026.68 ",0.331%," 616,484.45 "," 22,396,435.99 "," 23,055.73 ",9.722%,2.497%,9.888%, 2.79 , 5.25 ," 13,165.00 ",0.377%
 2016M09 , 48.00 , 99.78 ,0.008%, 125.14 ,0.232%," 397,144.33 "," 97,540,947.05 "," 1,037,970,652.00 "," 544,915.65 "," 193,667,585.40 "," 20,577,499.51 "," 178,189,771.54 "," 76,269,823.58 ", -   , -   ," 14,928,555.00 "," 118,411,973.00 "," 1,013,247,596,106,870.00 ", 125.41 ,"21,702"," 2,355,704.15 ",-0.504%," 4,737,630.76 ",-0.177%," 544,915.65 "," 20,577,499.51 "," 21,701.96 ",-11.609%,-8.122%,-5.872%, 3.07 , 5.00 ," 13,118.24 ",-0.355%
 2016M10 , 49.00 , 99.79 ,0.009%, 125.33 ,0.153%," 336,143.16 "," 108,708,466.00 "," 1,153,778,002.69 "," 584,319.18 "," 197,577,789.41 "," 20,982,090.53 "," 181,953,846.51 "," 78,840,371.90 ", -   , -   ," 14,928,555.00 "," 118,411,973.00 "," 1,030,947,140,726,800.00 ", 125.59 ,"22,795"," 2,369,601.25 ",0.590%," 4,778,478.89 ",0.862%," 584,319.18 "," 20,982,090.53 "," 22,794.92 ",7.231%,1.966%,5.036%, 3.31 , 4.75 ," 13,017.24 ",-0.770%
 2016M11 , 50.00 , 99.80 ,0.011%, 125.93 ,0.481%," 389,615.22 "," 110,879,571.97 "," 1,176,543,074.19 "," 831,971.71 "," 196,980,867.70 "," 21,311,901.93 "," 184,665,155.54 "," 80,179,603.40 ", -   , -   ," 14,928,555.00 "," 118,411,973.00 "," 1,030,947,140,726,800.00 ", 126.18 ,"23,041"," 2,437,950.03 ",2.884%," 4,868,651.16 ",1.887%," 831,971.71 "," 21,311,901.93 "," 23,041.49 ",42.383%,1.572%,1.082%, 3.58 , 4.75 ," 13,310.50 ",2.253%
 2016M12 , 51.00 , 99.82 ,0.014%, 126.48 ,0.434%," 326,010.93 "," 116,692,885.70 "," 1,256,207,201.34 "," 749,766.46 "," 214,365,464.84 "," 24,890,764.05 "," 196,686,678.54 "," 86,968,384.02 ", -   , -   ," 14,928,555.00 "," 118,411,973.00 "," 1,030,947,140,726,800.00 ", 126.71 ,"25,662"," 2,570,782.03 ",5.449%," 5,004,976.79 ",2.800%," 749,766.46 "," 24,890,764.05 "," 25,662.29 ",-9.881%,16.793%,11.374%, 3.02 , 4.75 ," 13,416.75 ",0.798%
 2017M01 , 52.00 , 99.83 ,0.016%, 127.73 ,0.987%," 300,490.19 "," 113,546,889.27 "," 1,134,771,698.66 "," 665,791.47 "," 196,850,066.31 "," 22,509,851.95 "," 184,385,913.85 "," 79,224,270.93 ", -   , -   ," 15,823,088.00 "," 118,411,973.00 "," 1,050,364,049,122,950.00 ", 127.94 ,"23,420"," 2,475,360.96 ",-3.712%," 4,936,881.99 ",-1.361%," 665,791.47 "," 22,509,851.95 "," 23,420.34 ",-11.200%,-9.565%,-8.736%, 3.49 , 4.75 ," 13,358.71 ",-0.433%
 2017M02 , 53.00 , 99.85 ,0.019%, 128.05 ,0.253%," 329,828.11 "," 106,517,235.76 "," 1,241,088,648.02 "," 812,281.99 "," 177,419,657.00 "," 19,842,305.15 "," 170,339,894.28 "," 69,892,461.26 ", -   , -   ," 15,823,088.00 "," 124,538,849.00 "," 1,050,364,049,122,950.00 ", 128.24 ,"21,490"," 2,474,726.83 ",-0.026%," 4,942,919.76 ",0.122%," 812,281.99 "," 19,842,305.15 "," 21,489.94 ",22.002%,-11.851%,-8.242%, 3.83 , 4.75 ," 13,340.84 ",-0.134%
 2017M03 , 54.00 , 99.87 ,0.021%, 128.06 ,0.005%," 341,186.97 "," 124,903,822.98 "," 1,243,316,393.87 "," 746,397.32 "," 204,651,210.87 "," 22,641,831.22 "," 193,722,407.28 "," 81,584,220.69 ", -   , -   ," 15,823,088.00 "," 124,538,849.00 "," 1,050,364,049,122,950.00 ", 128.22 ,"24,872"," 2,494,148.07 ",0.785%," 5,017,643.55 ",1.512%," 746,397.32 "," 22,641,831.22 "," 24,871.71 ",-8.111%,14.109%,15.737%, 3.61 , 4.75 ," 13,345.50 ",0.035%
 2017M04 , 55.00 , 99.90 ,0.023%, 128.20 ,0.109%," 289,233.27 "," 119,197,371.73 "," 1,183,635,004.72 "," 633,561.26 "," 197,889,422.54 "," 22,741,272.55 "," 182,874,545.97 "," 83,827,523.42 ", -   , -   ," 15,823,088.00 "," 124,538,849.00 "," 1,081,348,485,555,290.00 ", 128.33 ,"22,685"," 2,517,561.91 ",0.939%," 5,033,780.29 ",0.322%," 633,561.26 "," 22,741,272.55 "," 22,684.84 ",-15.117%,0.439%,-8.793%, 4.17 , 4.75 ," 13,306.82 ",-0.290%
 2017M05 , 56.00 , 99.92 ,0.026%, 128.73 ,0.415%," 420,204.45 "," 132,453,092.03 "," 1,340,539,823.72 "," 879,107.53 "," 220,290,357.22 "," 24,563,327.56 "," 202,139,497.09 "," 93,317,503.67 ", -   , -   ," 15,823,088.00 "," 124,538,849.00 "," 1,081,348,485,555,290.00 ", 128.83 ,"25,041"," 2,559,166.81 ",1.653%," 5,126,370.15 ",1.839%," 879,107.53 "," 24,563,327.56 "," 25,041.08 ",38.757%,8.012%,10.387%, 4.33 , 4.75 ," 13,323.35 ",0.124%
 2017M06 , 57.00 , 99.95 ,0.028%, 129.66 ,0.719%," 313,881.85 "," 122,650,961.64 "," 1,164,522,534.47 "," 1,019,649.71 "," 239,967,349.47 "," 25,768,506.64 "," 190,179,690.47 "," 95,060,779.39 ", -   , -   ," 15,823,088.00 "," 124,538,849.00 "," 1,081,348,485,555,290.00 ", 129.72 ,"23,880"," 2,675,544.47 ",4.547%," 5,225,165.76 ",1.927%," 1,019,649.71 "," 25,768,506.64 "," 23,880.25 ",15.987%,4.906%,-4.636%, 4.37 , 4.75 ," 13,296.87 ",-0.199%
 2017M07 , 58.00 , 99.98 ,0.031%, 129.98 ,0.247%," 342,796.73 "," 126,980,372.56 "," 1,310,126,220.77 "," 1,141,503.86 "," 213,887,228.13 "," 24,490,263.66 "," 193,756,596.27 "," 92,660,908.31 ", -   , -   ," 15,823,088.00 "," 124,538,849.00 "," 1,104,147,230,774,720.00 ", 130.00 ,"24,421"," 2,631,997.88 ",-1.628%," 5,178,078.75 ",-0.901%," 1,141,503.86 "," 24,490,263.66 "," 24,420.92 ",11.951%,-4.960%,2.264%, 3.88 , 4.75 ," 13,342.10 ",0.340%
 2017M08 , 59.00 , 100.02 ,0.034%, 129.93 ,-0.036%," 317,368.11 "," 145,577,211.85 "," 1,296,671,430.41 "," 790,699.04 "," 221,051,454.13 "," 24,132,358.20 "," 202,231,143.46 "," 97,648,715.39 ", -   , -   ," 15,823,088.00 "," 121,022,423.00 "," 1,104,147,230,774,720.00 ", 129.91 ,"24,331"," 2,616,865.57 ",-0.575%," 5,219,647.63 ",0.803%," 790,699.04 "," 24,132,358.20 "," 24,330.51 ",-30.732%,-1.461%,-0.370%, 3.82 , 4.50 ," 13,341.82 ",-0.002%
 2017M09 , 60.00 , 100.05 ,0.036%, 130.15 ,0.167%," 263,654.75 "," 130,623,737.95 "," 1,235,999,782.86 "," 817,366.14 "," 203,367,780.56 "," 22,753,871.79 "," 187,876,896.39 "," 88,060,166.78 ", -   , -   ," 15,823,088.00 "," 121,022,423.00 "," 1,104,147,230,774,720.00 ", 130.08 ,"22,959"," 2,656,545.60 ",1.516%," 5,254,138.51 ",0.661%," 817,366.14 "," 22,753,871.79 "," 22,958.95 ",3.373%,-5.712%,-5.637%, 3.72 , 4.25 ," 13,303.47 ",-0.287%
 2017M10 , 61.00 , 100.09 ,0.039%, 130.21 ,0.047%," 290,051.56 "," 218,363,737.41 "," 1,402,266,825.26 "," 1,264,462.37 "," 213,189,154.50 "," 24,367,980.25 "," 202,379,010.59 "," 93,854,116.55 ", -   , -   ," 15,823,088.00 "," 121,022,423.00 "," 1,134,715,001,547,030.00 ", 130.09 ,"24,767"," 2,685,554.85 ",1.092%," 5,284,320.16 ",0.574%," 1,264,462.37 "," 24,367,980.25 "," 24,767.08 ",54.700%,7.094%,7.876%, 3.58 , 4.25 ," 13,526.00 ",1.673%
 2017M11 , 62.00 , 100.13 ,0.042%, 130.52 ,0.242%," 336,692.58 "," 141,623,778.34 "," 1,423,752,264.94 "," 1,647,358.43 "," 206,670,719.32 "," 24,259,068.00 "," 196,394,765.81 "," 91,211,887.54 ", -   , -   ," 15,823,088.00 "," 121,022,423.00 "," 1,134,715,001,547,030.00 ", 130.35 ,"24,511"," 2,733,062.68 ",1.769%," 5,321,431.77 ",0.702%," 1,647,358.43 "," 24,259,068.00 "," 24,511.45 ",30.281%,-0.447%,-1.032%, 3.30 , 4.25 ," 13,527.36 ",0.010%
 2017M12 , 63.00 , 100.18 ,0.044%, 131.51 ,0.758%," 485,303.91 "," 156,069,867.29 "," 1,458,878,252.32 "," 1,957,289.59 "," 233,645,011.37 "," 28,143,426.17 "," 211,397,618.22 "," 101,323,627.95 ", -   , -   ," 15,823,088.00 "," 121,022,423.00 "," 1,134,715,001,547,030.00 ", 131.28 ,"26,536"," 2,857,012.08 ",4.535%," 5,419,165.05 ",1.837%," 1,957,289.59 "," 28,143,426.17 "," 26,535.80 ",18.814%,16.012%,8.259%, 3.61 , 4.25 ," 13,556.67 ",0.217%
 2018M01 , 64.00 , 100.22 ,0.046%, 132.39 ,0.671%," 543,582.42 "," 157,253,449.55 "," 1,422,030,788.36 "," 3,491,803.00 "," 219,034,803.65 "," 25,359,247.68 "," 206,616,946.38 "," 87,206,133.09 ", -   , -   ," 16,785,402.00 "," 121,022,423.00 "," 1,159,829,793,340,960.00 ", 132.10 ,"25,359"," 2,760,669.09 ",-3.372%," 5,351,684.67 ",-1.245%," 3,491,803.00 "," 25,359,247.68 "," 25,358.88 ",78.400%,-9.893%,-4.435%, 3.25 , 4.25 ," 13,380.36 ",-1.300%
 2018M02 , 65.00 , 100.27 ,0.048%, 132.68 ,0.215%," 618,974.81 "," 146,674,391.45 "," 1,285,603,836.56 "," 3,360,790.53 "," 203,062,793.67 "," 20,260,189.76 "," 186,522,442.05 "," 85,445,884.09 ", -   , -   ," 16,785,402.00 "," 129,479,541.00 "," 1,159,829,793,340,960.00 ", 132.32 ,"20,976"," 2,787,115.16 ",0.958%," 5,351,650.33 ",-0.001%," 3,360,790.53 "," 20,260,189.76 "," 20,976.29 ",-3.752%,-20.107%,-17.282%, 3.18 , 4.25 ," 13,590.05 ",1.567%
 2018M03 , 66.00 , 100.32 ,0.050%, 133.01 ,0.246%," 856,832.28 "," 168,369,999.31 "," 1,440,128,438.37 "," 3,458,626.77 "," 230,213,053.99 "," 22,995,777.05 "," 211,354,920.30 "," 98,519,689.23 ", -   , -   ," 16,785,402.00 "," 129,479,541.00 "," 1,159,829,793,340,960.00 ", 132.58 ,"24,796"," 2,790,305.75 ",0.114%," 5,395,826.04 ",0.825%," 3,458,626.77 "," 22,995,777.05 "," 24,795.50 ",2.911%,13.502%,18.207%, 3.40 , 4.25 ," 13,758.29 ",1.238%
 2018M04 , 67.00 , 100.37 ,0.052%, 133.21 ,0.150%," 988,393.70 "," 170,296,040.49 "," 1,480,661,655.36 "," 3,352,893.65 "," 221,324,535.61 "," 22,948,867.39 "," 209,171,654.99 "," 96,124,925.90 ", -   , -   ," 16,785,402.00 "," 129,479,541.00 "," 1,179,996,112,794,230.00 ", 132.71 ,"24,911"," 2,796,518.93 ",0.223%," 5,409,088.81 ",0.246%," 3,352,893.65 "," 22,948,867.39 "," 24,911.44 ",-3.057%,-0.204%,0.468%, 3.41 , 4.25 ," 13,802.95 ",0.325%
 2018M05 , 68.00 , 100.43 ,0.054%, 133.56 ,0.265%," 844,969.15 "," 191,172,467.23 "," 1,609,694,552.52 "," 3,534,568.85 "," 242,625,737.06 "," 25,577,630.99 "," 225,023,370.16 "," 107,678,526.77 ", -   , -   ," 16,785,402.00 "," 129,479,541.00 "," 1,179,996,112,794,230.00 ", 132.99 ,"26,275"," 2,862,782.43 ",2.369%," 5,435,082.93 ",0.481%," 3,534,568.85 "," 25,577,630.99 "," 26,274.81 ",5.418%,11.455%,5.473%, 3.23 , 4.75 ," 14,059.70 ",1.860%
 2018M06 , 69.00 , 100.49 ,0.057%, 134.42 ,0.644%," 997,985.62 "," 164,851,481.58 "," 1,422,170,643.23 "," 3,469,726.77 "," 249,590,392.63 "," 25,883,591.83 "," 198,016,688.48 "," 101,292,779.74 ", -   , -   ," 16,785,402.00 "," 129,479,541.00 "," 1,179,996,112,794,230.00 ", 133.77 ,"24,780"," 2,941,467.52 ",2.749%," 5,534,149.83 ",1.823%," 3,469,726.77 "," 25,883,591.83 "," 24,780.13 ",-1.835%,1.196%,-5.689%, 3.12 , 5.25 ," 14,049.00 ",-0.076%
 2018M07 , 70.00 , 100.55 ,0.060%, 134.87 ,0.337%," 906,370.68 "," 200,490,935.65 "," 1,573,341,546.68 "," 3,582,677.10 "," 241,142,839.28 "," 24,811,227.49 "," 221,218,370.51 "," 108,294,259.58 ", -   , -   ," 16,785,402.00 "," 129,479,541.00 "," 1,215,882,620,217,220.00 ", 134.14 ,"25,982"," 2,879,146.84 ",-2.119%," 5,507,791.75 ",-0.476%," 3,582,677.10 "," 24,811,227.49 "," 25,981.55 ",3.255%,-4.143%,4.848%, 3.18 , 5.25 ," 14,414.50 ",2.602%
 2018M08 , 71.00 , 100.61 ,0.063%, 134.89 ,0.010%," 2,900,490.53 "," 220,708,179.76 "," 1,920,788,873.13 "," 3,899,473.95 "," 244,035,248.77 "," 24,153,999.98 "," 222,459,144.64 "," 104,621,944.34 ", -   , -   ," 16,785,402.00 "," 126,282,186.00 "," 1,215,882,620,217,220.00 ", 134.07 ,"25,406"," 2,877,543.13 ",-0.056%," 5,529,451.81 ",0.393%," 3,899,473.95 "," 24,153,999.98 "," 25,405.87 ",8.842%,-2.649%,-2.216%, 3.20 , 5.50 ," 14,559.86 ",1.008%
 2018M09 , 72.00 , 100.67 ,0.065%, 134.73 ,-0.114%," 2,745,612.15 "," 203,369,647.64 "," 1,861,996,212.84 "," 3,517,834.76 "," 234,062,067.92 "," 23,639,583.28 "," 213,784,716.44 "," 98,373,360.85 ", -   , -   ," 16,785,402.00 "," 126,282,186.00 "," 1,215,882,620,217,220.00 ", 133.83 ,"23,658"," 2,904,142.89 ",0.924%," 5,606,779.89 ",1.398%," 3,517,834.76 "," 23,639,583.28 "," 23,657.61 ",-9.787%,-2.130%,-6.881%, 2.88 , 5.75 ," 14,868.74 ",2.121%
 2018M10 , 73.00 , 100.74 ,0.067%, 135.20 ,0.344%," 3,961,248.96 "," 229,684,955.34 "," 2,583,424,848.18 "," 4,448,574.06 "," 243,203,015.83 "," 23,773,192.48 "," 230,956,320.03 "," 103,975,885.60 ", -   , -   ," 16,785,402.00 "," 126,282,186.00 "," 1,235,502,772,647,590.00 ", 134.20 ,"27,184"," 2,911,546.75 ",0.255%," 5,667,512.10 ",1.083%," 4,448,574.06 "," 23,773,192.48 "," 27,184.07 ",26.458%,0.565%,14.906%, 3.16 , 5.75 ," 15,178.87 ",2.086%
 2018M11 , 74.00 , 100.81 ,0.069%, 135.65 ,0.337%," 3,504,372.21 "," 228,236,236.92 "," 1,785,456,567.58 "," 5,195,495.09 "," 240,027,924.10 "," 25,015,963.63 "," 223,645,427.74 "," 104,041,626.48 ", -   , -   ," 16,785,402.00 "," 126,282,186.00 "," 1,235,502,772,647,590.00 ", 134.56 ,"26,439"," 2,913,030.18 ",0.051%," 5,670,975.24 ",0.061%," 5,195,495.09 "," 25,015,963.63 "," 26,439.40 ",16.790%,5.228%,-2.739%, 3.23 , 6.00 ," 14,696.86 ",-3.176%
 2018M12 , 75.00 , 100.88 ,0.070%, 136.58 ,0.687%," 4,163,421.26 "," 247,595,590.65 "," 1,856,224,648.97 "," 5,886,151.58 "," 269,221,269.85 "," 28,859,876.60 "," 238,097,794.00 "," 114,001,871.23 ", -   , -   ," 16,785,402.00 "," 126,282,186.00 "," 1,235,502,772,647,590.00 ", 135.39 ,"29,436"," 3,042,897.57 ",4.458%," 5,760,046.20 ",1.571%," 5,886,151.58 "," 28,859,876.60 "," 29,435.75 ",13.293%,15.366%,11.333%, 3.13 , 6.00 ," 14,496.95 ",-1.360%
 2019M01 , 76.00 , 100.95 ,0.072%, 137.13 ,0.397%," 543,582.42 "," 157,253,449.55 "," 1,422,030,788.36 "," 5,817,363.19 "," 257,299,599.53 "," 26,251,134.95 "," 227,455,158.44 "," 110,076,551.31 ", -   , -   ," 17,785,758.00 "," 126,282,186.00 "," 1,251,081,229,713,290.00 ", 135.83 ,"27,196"," 2,907,379.94 ",-4.454%," 5,644,985.17 ",-1.998%," 5,817,363.19 "," 26,251,134.95 "," 27,195.62 ",-1.169%,-9.039%,-7.610%, 2.82 , 6.00 ," 14,163.14 ",-2.303%
 2019M02 , 77.00 , 101.03 ,0.073%, 137.12 ,-0.008%," 618,974.81 "," 146,674,391.45 "," 1,285,603,836.56 "," 5,970,261.90 "," 244,818,630.30 "," 22,930,656.34 "," 207,214,656.35 "," 102,692,764.23 ", -   , -   ," 17,785,758.00 "," 131,692,592.00 "," 1,251,081,229,713,290.00 ", 135.72 ,"25,054"," 2,906,953.19 ",-0.015%," 5,670,777.57 ",0.457%," 5,970,261.90 "," 22,930,656.34 "," 25,053.94 ",2.628%,-12.649%,-7.875%, 2.57 , 6.00 ," 14,035.21 ",-0.903%
 2019M03 , 78.00 , 101.10 ,0.075%, 137.37 ,0.186%," 856,832.28 "," 168,369,999.31 "," 1,440,128,438.37 "," 8,956,977.62 "," 252,154,418.38 "," 26,723,441.30 "," 225,398,126.61 "," 114,903,358.19 ", -   , -   ," 17,785,758.00 "," 131,692,592.00 "," 1,251,081,229,713,290.00 ", 135.87 ,"27,283"," 2,950,788.95 ",1.508%," 5,747,246.81 ",1.348%," 8,956,977.62 "," 26,723,441.30 "," 27,283.35 ",50.027%,16.540%,8.898%, 2.48 , 6.00 ," 14,211.00 ",1.252%
 2019M04 , 79.00 , 101.18 ,0.077%, 138.08 ,0.519%," 988,393.70 "," 170,296,040.49 "," 1,480,661,655.36 "," 10,671,171.33 "," 251,151,607.02 "," 26,751,105.55 "," 223,310,962.25 "," 111,953,680.13 ", -   , -   ," 17,785,758.00 "," 131,692,592.00 "," 1,271,168,338,180,490.00 ", 136.47 ,"26,956"," 2,974,498.33 ",0.803%," 5,746,731.77 ",-0.009%," 10,671,171.33 "," 26,751,105.55 "," 26,955.81 ",19.138%,0.104%,-1.201%, 2.83 , 6.00 ," 14,142.58 ",-0.481%
 2019M05 , 80.00 , 101.26 ,0.078%, 139.13 ,0.760%," 844,969.15 "," 191,172,467.23 "," 1,609,694,552.52 "," 12,815,686.14 "," 321,913,268.77 "," 32,306,688.40 "," 247,833,773.17 "," 128,884,877.70 ", -   , -   ," 17,785,758.00 "," 131,692,592.00 "," 1,271,168,338,180,490.00 ", 137.40 ,"29,666"," 3,098,313.53 ",4.163%," 5,860,508.75 ",1.980%," 12,815,686.14 "," 32,306,688.40 "," 29,665.57 ",20.096%,20.768%,10.053%, 3.32 , 6.00 ," 14,392.81 ",1.769%
 2019M06 , 81.00 , 101.34 ,0.078%, 140.01 ,0.632%," 997,985.62 "," 164,851,481.58 "," 1,422,170,643.23 "," 11,874,500.19 "," 247,421,652.39 "," 26,697,082.12 "," 177,481,757.94 "," 92,244,501.38 ", -   , -   ," 17,785,758.00 "," 131,692,592.00 "," 1,271,168,338,180,490.00 ", 138.16 ,"25,193"," 3,102,493.47 ",0.135%," 5,908,509.27 ",0.819%," 11,874,500.19 "," 26,697,082.12 "," 25,192.74 ",-7.344%,-17.364%,-15.078%, 3.28 , 6.00 ," 14,226.53 ",-1.155%
 2019M07 , 82.00 , 101.42 ,0.078%, 140.56 ,0.389%," 906,370.68 "," 200,490,935.65 "," 1,573,341,546.68 "," 12,939,442.66 "," 296,305,887.32 "," 29,000,285.58 "," 233,216,754.53 "," 115,988,169.21 ", -   , -   ," 17,785,758.00 "," 131,692,592.00 "," 1,294,775,516,419,020.00 ", 138.59 ,"29,000"," 3,081,190.71 ",-0.687%," 5,941,133.10 ",0.552%," 12,939,442.66 "," 29,000,285.58 "," 28,999.85 ",8.968%,8.627%,15.112%, 3.32 , 5.75 ," 14,043.91 ",-1.284%
 2019M08 , 83.00 , 101.50 ,0.075%, 140.82 ,0.191%," 2,900,490.53 "," 220,708,179.76 "," 1,920,788,873.13 "," 12,878,102.65 "," 261,828,428.86 "," 27,010,906.22 "," 230,706,891.55 "," 99,895,331.92 ", -   , -   ," 17,785,758.00 "," 128,755,271.00 "," 1,294,775,516,419,020.00 ", 138.75 ,"27,388"," 3,055,248.98 ",-0.842%," 5,934,561.51 ",-0.111%," 12,878,102.65 "," 27,010,906.22 "," 27,387.99 ",-0.474%,-6.860%,-5.558%, 3.49 , 5.50 ," 14,242.05 ",1.411%
 2019M09 , 84.00 , 101.57 ,0.070%, 140.54 ,-0.204%," 2,745,612.15 "," 203,369,647.64 "," 1,861,996,212.84 "," 13,820,413.33 "," 259,759,685.85 "," 26,527,526.84 "," 209,983,597.79 "," 98,236,452.41 ", -   , -   ," 17,785,758.00 "," 128,755,271.00 "," 1,294,775,516,419,020.00 ", 138.37 ,"26,805"," 3,095,289.05 ",1.311%," 6,004,277.17 ",1.175%," 13,820,413.33 "," 26,527,526.84 "," 26,805.09 ",7.317%,-1.790%,-2.128%, 3.39 , 5.25 ," 14,111.10 ",-0.919%
 2019M10 , 85.00 , 101.63 ,0.061%, 140.65 ,0.083%," 3,961,248.96 "," 229,684,955.34 "," 2,583,424,848.18 "," 16,370,714.85 "," 265,920,521.08 "," 27,917,830.78 "," 222,927,887.66 "," 104,206,004.43 ", -   , -   ," 17,785,758.00 "," 128,755,271.00 "," 1,304,346,261,687,200.00 ", 138.40 ,"28,386"," 3,098,607.57 ",0.107%," 6,026,908.50 ",0.377%," 16,370,714.85 "," 27,917,830.78 "," 28,386.29 ",18.453%,5.241%,5.899%, 3.13 , 5.00 ," 14,117.57 ",0.046%
 2019M11 , 86.00 , 101.68 ,0.047%, 140.92 ,0.191%," 3,504,372.21 "," 228,236,236.92 "," 1,785,456,567.58 "," 16,080,700.90 "," 263,517,322.99 "," 28,180,446.08 "," 214,668,877.95 "," 99,836,841.39 ", -   , -   ," 17,785,758.00 "," 128,755,271.00 "," 1,304,346,261,687,200.00 ", 138.60 ,"27,811"," 3,171,154.07 ",2.341%," 6,074,377.02 ",0.788%," 16,080,700.90 "," 28,180,446.08 "," 27,811.20 ",-1.772%,0.941%,-2.026%, 3.00 , 5.00 ," 14,068.71 ",-0.346%
 2019M12 , 87.00 , 101.70 ,0.025%, 141.44 ,0.364%," 4,163,421.26 "," 247,595,590.65 "," 1,856,224,648.97 "," 16,970,132.84 "," 282,367,994.98 "," 32,608,448.10 "," 228,595,553.00 "," 109,746,716.61 ", -   , -   ," 17,785,758.00 "," 128,755,271.00 "," 1,304,346,261,687,200.00 ", 139.07 ,"31,907"," 3,256,902.11 ",2.704%," 6,136,776.54 ",1.027%," 16,970,132.84 "," 32,608,448.10 "," 31,907.30 ",5.531%,15.713%,14.728%, 2.72 , 5.00 ," 14,017.45 ",-0.364%
 2020M01 , 88.00 , 101.70 ,-0.006%, 108.23 ,-23.475%," 10,696,422.89 "," 354,705,179.38 "," 1,879,642,383.39 "," 15,872,433.34 "," 263,373,816.72 "," 29,413,622.01 "," 212,210,398.11 "," 100,501,669.48 ", -   , -   ,," 128,755,271.00 "," 1,279,502,811,129,920.00 ", 106.43 ,"27,656"," 3,125,160.13 ",-4.045%," 6,047,998.56 ",-1.447%," 15,872,433.34 "," 29,413,622.01 "," 27,656.00 ",-6.468%,-9.798%,-13.324%, 2.68 , 5.00 ," 13,732.23 ",-2.035%
 2020M02 , 89.00 , 101.65 ,-0.048%, 108.63 ,0.365%," 8,111,913.51 "," 342,219,137.48 "," 1,729,899,558.13 "," 15,178,625.21 "," 255,307,681.67 "," 27,881,077.99 "," 204,955,294.14 "," 95,588,699.47 ", -   , -   ,," 133,292,866.00 "," 1,279,502,811,129,920.00 ", 106.87 ,"25,005"," 3,136,253.78 ",0.355%," 6,118,513.75 ",1.166%," 15,178,625.21 "," 27,881,077.99 "," 25,004.52 ",-4.371%,-5.210%,-9.587%, 2.98 , 4.75 ," 13,776.15 ",0.320%
 2020M03 , 90.00 , 98.39 ,-3.204%, 106.19 ,-2.244%," 9,760,785.87 "," 384,266,352.14 "," 2,008,612,364.33 "," 15,036,069.58 "," 256,187,476.07 "," 24,939,923.42 "," 207,350,041.09 "," 97,566,045.47 ", 1.00 , -   ,," 133,292,866.00 "," 1,279,502,811,129,920.00 ", 107.93 ,"23,265"," 3,333,033.42 ",6.274%," 6,441,495.23 ",5.279%," 15,036,069.58 "," 24,939,923.42 "," 23,265.31 ",-0.939%,-10.549%,-6.956%, 2.96 , 4.50 ," 15,194.57 ",10.296%
 2020M04 , 91.00 , 96.48 ,-1.936%, 105.38 ,-0.764%," 10,837,473.40 "," 332,767,924.21 "," 1,794,931,108.09 "," 17,552,119.31 "," 212,945,320.10 "," 15,144,021.90 "," 178,928,788.35 "," 87,510,270.04 ", 1.00 , -   ,," 133,292,866.00 "," 1,169,353,961,059,450.00 ", 109.22 ,"15,265"," 3,244,579.68 ",-2.654%," 6,236,651.02 ",-3.180%," 17,552,119.31 "," 15,144,021.90 "," 15,264.93 ",16.733%,-39.278%,-34.388%, 2.67 , 4.50 ," 15,867.43 ",4.428%
 2020M05 , 92.00 , 95.47 ,-1.047%, 104.40 ,-0.929%," 14,368,363.66 "," 333,102,758.10 "," 1,540,212,703.81 "," 15,033,707.95 "," 253,192,975.37 "," 17,637,500.68 "," 185,085,649.00 "," 98,831,074.80 ", 1.00 , -   ,," 133,292,866.00 "," 1,169,353,961,059,450.00 ", 109.35 ,"14,597"," 3,391,325.88 ",4.523%," 6,465,361.63 ",3.667%," 15,033,707.95 "," 17,637,500.68 "," 14,596.84 ",-14.348%,16.465%,-4.377%, 2.19 , 4.50 ," 14,906.19 ",-6.058%
 2020M06 , 93.00 , 96.04 ,0.594%, 104.94 ,0.511%," 11,628,791.04 "," 368,678,590.08 "," 1,772,741,172.91 "," 14,955,261.01 "," 200,445,816.64 "," 19,313,750.34 "," 167,994,668.48 "," 87,396,050.78 ", 1.00 , -   ,," 133,292,866.00 "," 1,169,353,961,059,450.00 ", 109.26 ,"16,587"," 3,363,510.12 ",-0.820%," 6,391,611.86 ",-1.141%," 14,955,261.01 "," 19,313,750.34 "," 16,586.78 ",-0.522%,9.504%,13.633%, 1.96 , 4.25 ," 14,195.95 ",-4.765%
 2020M07 , 94.00 , 96.60 ,0.586%, 106.54 ,1.525%," 20,118,299.82 "," 397,997,887.54 "," 1,829,974,542.79 "," 16,099,555.91 "," 253,800,192.79 "," 23,519,126.86 "," 206,293,596.01 "," 99,508,207.44 ", 1.00 , -   ,," 133,292,866.00 "," 1,212,722,307,306,160.00 ", 110.28 ,"17,538"," 3,422,040.76 ",1.740%," 6,566,671.34 ",2.739%," 16,099,555.91 "," 23,519,126.86 "," 17,538.06 ",7.651%,21.774%,5.735%, 1.54 , 4.00 ," 14,582.41 ",2.722%
 2020M08 , 95.00 , 97.16 ,0.577%, 109.32 ,2.611%," 20,879,160.40 "," 413,055,020.14 "," 1,730,556,089.12 "," 17,230,546.81 "," 252,400,581.62 "," 24,117,888.91 "," 206,015,581.94 "," 97,245,282.72 ", 1.00 , -   ,," 128,454,184.00 "," 1,212,722,307,306,160.00 ", 112.51 ,"17,702"," 3,529,664.11 ",3.145%," 6,730,993.74 ",2.502%," 17,230,546.81 "," 24,117,888.91 "," 17,702.16 ",7.025%,2.546%,0.936%, 1.32 , 4.00 ," 14,724.50 ",0.974%
 2020M09 , 96.00 , 97.55 ,0.402%, 110.03 ,0.652%," 20,717,937.85 "," 422,985,815.77 "," 1,914,178,379.74 "," 17,681,855.76 "," 243,444,854.44 "," 22,593,773.77 "," 206,167,236.87 "," 97,746,573.75 ", 1.00 , -   ,," 128,454,184.00 "," 1,212,722,307,306,160.00 ", 112.79 ,"17,053"," 3,555,654.45 ",0.736%," 6,748,814.34 ",0.265%," 17,681,855.76 "," 22,593,773.77 "," 17,053.40 ",2.619%,-6.319%,-3.665%, 1.42 , 4.00 ," 14,847.95 ",0.838%
 2020M10 , 97.00 , 97.94 ,0.398%, 110.35 ,0.291%," 23,635,906.36 "," 411,423,489.42 "," 1,982,993,231.44 "," 18,793,006.08 "," 260,190,699.01 "," 24,808,717.38 "," 218,645,280.12 "," 103,606,638.11 ", 1.00 , -   ,," 128,454,184.00 "," 1,235,470,608,504,480.00 ", 112.67 ,"16,752"," 3,557,900.52 ",0.063%," 6,782,146.98 ",0.494%," 18,793,006.08 "," 24,808,717.38 "," 16,751.66 ",6.284%,9.803%,-1.769%, 1.44 , 4.00 ," 14,758.47 ",-0.603%
 2020M11 , 98.00 , 98.33 ,0.394%, 110.53 ,0.162%," 21,969,032.37 "," 497,734,804.45 "," 2,138,535,704.42 "," 19,340,829.53 "," 253,618,161.03 "," 25,432,133.01 "," 219,791,802.26 "," 103,916,945.21 ", 1.00 , -   ,," 128,454,184.00 "," 1,235,470,608,504,480.00 ", 112.41 ,"19,393"," 3,615,110.34 ",1.608%," 6,821,198.06 ",0.576%," 19,340,829.53 "," 25,432,133.01 "," 19,393.08 ",2.915%,2.513%,15.768%, 1.59 , 3.75 ," 14,236.81 ",-3.535%
 2020M12 , 99.00 , 98.31 ,-0.013%, 110.19 ,-0.307%," 18,875,762.93 "," 511,185,320.76 "," 2,263,296,023.17 "," 22,135,159.53 "," 286,064,584.04 "," 29,981,971.03 "," 241,971,485.98 "," 116,292,282.62 ", 1.00 , -   ,," 128,454,184.00 "," 1,235,470,608,504,480.00 ", 112.08 ,"20,740"," 3,742,960.11 ",3.537%," 6,905,939.30 ",1.242%," 22,135,159.53 "," 29,981,971.03 "," 20,740.37 ",14.448%,17.890%,6.947%, 1.68 , 3.75 ," 14,165.68 ",-0.500%
 2021M01 , 100.00 , 98.30 ,-0.018%, 110.43 ,0.214%," 17,448,179.33 "," 487,135,225.63 "," 2,162,602,819.63 "," 20,746,479.38 "," 247,661,755.51 "," 26,135,615.43 "," 224,132,438.71 "," 105,599,957.82 ", 1.00 , -   ,," 128,454,184.00 "," 1,291,015,504,091,260.00 ", 112.34 ,"17,757"," 3,605,444.84 ",-3.674%," 6,767,407.65 ",-2.006%," 20,746,479.38 "," 26,135,615.43 "," 17,757.19 ",-6.274%,-12.829%,-14.383%, 1.55 , 3.75 ," 14,061.90 ",-0.733%
 2021M02 , 101.00 , 98.27 ,-0.028%, 110.24 ,-0.171%," 13,959,939.98 "," 467,921,832.55 "," 2,079,624,819.26 "," 19,189,083.10 "," 230,550,698.12 "," 23,918,293.54 "," 209,717,328.37 "," 98,166,359.83 ", 1.00 , -   ,," 131,064,305.00 "," 1,291,015,504,091,260.00 ", 112.18 ,"16,754"," 3,612,459.93 ",0.195%," 6,817,787.91 ",0.744%," 19,189,083.10 "," 23,918,293.54 "," 16,754.41 ",-7.507%,-8.484%,-5.647%, 1.38 , 3.50 ," 14,043.74 ",-0.129%
 2021M03 , 102.00 , 98.17 ,-0.099%, 109.70 ,-0.491%," 194,519.11 "," 571,089,198.02 "," 2,454,558,017.29 "," 21,420,774.89 "," 266,010,639.33 "," 27,625,677.46 "," 245,147,734.78 "," 108,450,157.44 ", 1.00 , -   ,," 131,064,305.00 "," 1,291,015,504,091,260.00 ", 111.74 ,"20,781"," 3,667,048.11 ",1.511%," 6,895,564.12 ",1.141%," 21,420,774.89 "," 27,625,677.46 "," 20,780.92 ",11.630%,15.500%,24.033%, 1.37 , 3.50 ," 14,417.23 ",2.659%
 2021M04 , 103.00 , 98.04 ,-0.130%, 109.87 ,0.156%," 169,057.02 "," 607,842,645.49 "," 2,506,246,135.53 "," 22,848,143.59 "," 272,279,925.91 "," 29,100,561.97 "," 242,221,236.43 "," 115,964,800.54 ", 1.00 , -   ,," 131,064,305.00 "," 1,290,625,213,877,440.00 ", 112.06 ,"19,435"," 3,741,585.38 ",2.033%," 6,964,386.49 ",0.998%," 22,848,143.59 "," 29,100,561.97 "," 19,434.71 ",6.663%,5.339%,-6.478%, 1.42 , 3.50 ," 14,551.05 ",0.928%
 2021M05 , 104.00 , 97.98 ,-0.067%, 110.44 ,0.521%," 124,996.39 "," 570,623,216.53 "," 2,546,846,943.42 "," 23,659,837.71 "," 288,788,460.93 "," 31,938,893.97 "," 233,598,178.85 "," 115,642,192.20 ", 1.00 , -   ,," 131,064,305.00 "," 1,290,625,213,877,440.00 ", 112.72 ,"19,211"," 3,778,311.33 ",0.982%," 7,004,093.08 ",0.570%," 23,659,837.71 "," 31,938,893.97 "," 19,210.81 ",3.553%,9.754%,-1.152%, 1.68 , 3.50 ," 14,333.53 ",-1.495%
 2021M06 , 105.00 , 97.98 ,0.007%, 110.84 ,0.362%," 130,605.21 "," 637,594,343.08 "," 2,809,674,007.91 "," 24,160,774.80 "," 266,596,492.75 "," 27,274,486.59 "," 235,528,359.69 "," 110,641,535.11 ", 1.00 , -   ,," 131,064,305.00 "," 1,290,625,213,877,440.00 ", 113.12 ,"19,236"," 3,865,120.02 ",2.298%," 7,130,061.42 ",1.798%," 24,160,774.80 "," 27,274,486.59 "," 19,235.85 ",2.117%,-14.604%,0.130%, 1.33 , 3.50 ," 14,351.48 ",0.125%
 2021M07 , 106.00 , 98.08 ,0.098%, 110.87 ,0.027%," 156,571.06 "," 649,057,950.78 "," 2,761,622,499.10 "," 25,390,247.20 "," 265,855,764.34 "," 20,718,172.44 "," 237,588,167.15 "," 100,733,306.21 ", 1.00 , 1.00 ,," 131,064,305.00 "," 1,307,725,627,516,950.00 ", 113.04 ,"16,591"," 3,887,573.74 ",0.581%," 7,160,560.33 ",0.428%," 25,390,247.20 "," 20,718,172.44 "," 16,591.05 ",5.089%,-24.038%,-13.749%, 1.52 , 3.50 ," 14,507.38 ",1.086%
 2021M08 , 107.00 , 98.28 ,0.203%, 111.26 ,0.354%," 124,865.60 "," 693,028,014.06 "," 2,775,384,567.93 "," 24,754,101.87 "," 254,151,541.90 "," 24,018,380.37 "," 238,702,638.41 "," 96,400,723.16 ", 1.00 , 1.00 ,," 131,050,523.00 "," 1,307,725,627,516,950.00 ", 113.21 ,"19,107"," 3,905,124.73 ",0.451%," 7,211,500.72 ",0.711%," 24,754,101.87 "," 24,018,380.37 "," 19,106.81 ",-2.505%,15.929%,15.163%, 1.59 , 3.50 ," 14,389.90 ",-0.810%
 2021M09 , 108.00 , 98.58 ,0.303%, 111.65 ,0.347%," 110,066.04 "," 717,661,993.14 "," 3,186,963,938.26 "," 27,637,429.79 "," 252,998,994.50 "," 27,458,368.20 "," 241,408,615.38 "," 115,650,346.21 ", 1.00 , 1.00 ,,," 1,307,725,627,516,950.00 ", 113.26 ,"19,857"," 3,952,792.48 ",1.221%," 7,300,920.64 ",1.240%," 27,637,429.79 "," 27,458,368.20 "," 19,856.50 ",11.648%,14.322%,3.924%, 1.60 , 3.50 ," 14,257.64 ",-0.919%
 2021M10 , 109.00 , 98.95 ,0.376%, 112.09 ,0.393%," 138,094.57 "," 726,558,206.30 "," 3,019,623,316.71 "," 29,231,098.99 "," 259,779,826.02 "," 31,000,439.70 "," 238,727,986.15 "," 113,321,515.49 ", 1.00 , 1.00 ,,," 1,338,487,595,514,350.00 ", 113.28 ,"20,824"," 4,077,722.36 ",3.161%," 7,491,704.38 ",2.613%," 29,231,098.99 "," 31,000,439.70 "," 20,823.73 ",5.766%,12.900%,4.871%, 1.66 , 3.50 ," 14,190.95 ",-0.468%
 2021M11 , 110.00 , 99.35 ,0.407%, 112.96 ,0.779%," 140,891.67 "," 750,361,705.91 "," 3,254,808,066.12 "," 31,297,757.70 "," 257,059,219.04 "," 30,757,078.79 "," 249,426,848.18 "," 114,143,130.08 ", 1.00 , 1.00 ,,," 1,338,487,595,514,350.00 ", 113.70 ,"22,867"," 4,146,223.85 ",1.680%," 7,573,319.90 ",1.089%," 31,297,757.70 "," 30,757,078.79 "," 22,867.40 ",7.070%,-0.785%,9.814%, 1.75 , 3.50 ," 14,270.27 ",0.559%
 2021M12 , 111.00 , 99.78 ,0.432%, 113.73 ,0.680%," 163,413.25 "," 851,990,626.14 "," 2,552,574,290.84 "," 35,100,099.84 "," 281,874,898.08 "," 36,163,942.38 "," 270,316,773.33 "," 136,236,305.76 ", 1.00 , 1.00 ,,," 1,338,487,595,514,350.00 ", 113.98 ,"25,329"," 4,413,956.14 ",6.457%," 7,870,452.85 ",3.923%," 35,100,099.84 "," 36,163,942.38 "," 25,329.13 ",12.149%,17.579%,10.765%, 1.87 , 3.50 ," 14,327.09 ",0.398%
